epoch,bucket,eth
254470,chronic,56532.0
254470,desynced,32.0
254470,silent,37344.0
254470,uncollected,360542.0
254470,wrong-target,64.0
254471,chronic,55988.0
254471,desynced,680185.0
254471,silent,71104.0
254471,uncollected,57440.0
254471,wrong-target,56992.0
254472,chronic,56276.0
254472,desynced,10016.0
254472,silent,849721.0
254472,uncollected,5472.0
254472,wrong-target,3424.0
254473,chronic,56244.0
254473,desynced,3744.0
254473,silent,686553.0
254473,uncollected,42688.0
254474,chronic,55956.0
254474,desynced,3872.0
254474,silent,676409.0
254474,uncollected,22240.0
254474,wrong-target,11008.0
254475,chronic,56116.0
254475,desynced,6240.0
254475,silent,687929.0
254475,uncollected,31584.0
254475,wrong-target,128.0
254476,chronic,55828.0
254476,desynced,4767.0
254476,silent,682330.0
254476,uncollected,9120.0
254476,wrong-target,33696.0
254477,chronic,56020.0
254477,desynced,2784.0
254477,silent,666937.0
254477,uncollected,60000.0
254477,wrong-target,2208.0
254478,chronic,55732.0
254478,desynced,2112.0
254478,silent,635193.0
254478,uncollected,24416.0
254478,wrong-target,64.0
254479,chronic,55892.0
254479,desynced,1408.0
254479,silent,582521.0
254479,uncollected,1856.0
254479,wrong-target,416.0
254480,chronic,55700.0
254480,desynced,544.0
254480,silent,538617.0
254480,uncollected,11519.0
254480,wrong-target,128.0
254481,chronic,55700.0
254481,desynced,320.0
254481,silent,443577.0
254481,uncollected,5824.0
254481,wrong-target,224.0
254482,chronic,55796.0
254482,desynced,288.0
254482,silent,361657.0
254482,uncollected,2208.0
254483,chronic,55412.0
254483,desynced,192.0
254483,silent,352985.0
254483,uncollected,35871.0
254483,wrong-target,7200.0
254484,chronic,55764.0
254484,desynced,224.0
254484,silent,337881.0
254484,uncollected,16768.0
254484,wrong-target,4192.0
254485,chronic,55828.0
254485,desynced,192.0
254485,silent,336761.0
254485,uncollected,22912.0
254485,wrong-target,87328.0
254486,chronic,55668.0
254486,desynced,480.0
254486,silent,331865.0
254486,uncollected,10880.0
254486,wrong-target,34176.0
254487,chronic,55572.0
254487,desynced,128.0
254487,silent,315993.0
254487,uncollected,12064.0
254487,wrong-target,800.0
254488,chronic,55764.0
254488,desynced,128.0
254488,silent,317497.0
254488,uncollected,25696.0
254488,wrong-target,25664.0
254489,chronic,55860.0
254489,desynced,128.0
254489,silent,317977.0
254489,uncollected,15360.0
254489,wrong-target,384.0
254490,chronic,55828.0
254490,desynced,64.0
254490,silent,314649.0
254490,uncollected,1120.0
254491,chronic,55796.0
254491,desynced,160.0
254491,silent,309849.0
254491,uncollected,6208.0
254492,chronic,55604.0
254492,desynced,64.0
254492,silent,315897.0
254492,uncollected,448.0
254492,wrong-target,5344.0
254493,chronic,55700.0
254493,desynced,128.0
254493,silent,308345.0
254493,uncollected,3744.0
254493,wrong-target,192.0
254494,chronic,55668.0
254494,desynced,256.0
254494,silent,305561.0
254494,uncollected,22112.0
254494,wrong-target,992.0
254495,chronic,55572.0
254495,desynced,64.0
254495,silent,302745.0
254495,uncollected,64.0
254496,chronic,55380.0
254496,desynced,288.0
254496,silent,307001.0
254496,uncollected,416.0
254497,chronic,55444.0
254497,silent,303449.0
254497,uncollected,36127.0
254497,wrong-target,768.0
254498,chronic,55700.0
254498,desynced,160.0
254498,silent,310489.0
254498,uncollected,3296.0
254499,chronic,55700.0
254499,desynced,320.0
254499,silent,301849.0
254499,uncollected,6912.0
254499,wrong-target,1952.0
254500,chronic,55700.0
254500,desynced,224.0
254500,silent,292409.0
254500,uncollected,7136.0
254501,chronic,55348.0
254501,desynced,384.0
254501,silent,280377.0
254501,uncollected,8448.0
254501,wrong-target,2112.0
254502,chronic,55604.0
254502,desynced,288.0
254502,silent,278713.0
254502,uncollected,6240.0
254502,wrong-target,24192.0
254503,chronic,55700.0
254503,desynced,96.0
254503,silent,296089.0
254503,uncollected,3968.0
254503,wrong-target,7328.0
254504,chronic,55604.0
254504,desynced,224.0
254504,silent,278969.0
254504,uncollected,5600.0
254504,wrong-target,128.0
254505,chronic,55380.0
254505,desynced,288.0
254505,silent,276793.0
254505,uncollected,39168.0
254505,wrong-target,32.0
254506,chronic,55572.0
254506,desynced,128.0
254506,silent,289593.0
254506,uncollected,83488.0
254506,wrong-target,50015.0
254507,chronic,55540.0
254507,desynced,256.0
254507,silent,282681.0
254507,uncollected,75360.0
254507,wrong-target,288.0
254508,chronic,56020.0
254508,desynced,96.0
254508,silent,287321.0
254508,uncollected,92736.0
254508,wrong-target,1472.0
254509,chronic,55860.0
254509,desynced,128.0
254509,silent,294201.0
254509,uncollected,43359.0
254509,wrong-target,4864.0
254510,chronic,55540.0
254510,desynced,64.0
254510,silent,277241.0
254510,uncollected,2943.0
254510,wrong-target,192.0
254511,chronic,55476.0
254511,desynced,256.0
254511,silent,269209.0
254511,uncollected,32.0
254511,wrong-target,576.0
254512,chronic,55348.0
254512,desynced,224.0
254512,silent,277337.0
254512,uncollected,12736.0
254512,wrong-target,64.0
254513,chronic,55156.0
254513,desynced,224.0
254513,silent,266201.0
254513,uncollected,1888.0
254513,wrong-target,32.0
254514,chronic,55348.0
254514,desynced,256.0
254514,silent,253497.0
254514,uncollected,12896.0
254514,wrong-target,3776.0
254515,chronic,55220.0
254515,silent,246457.0
254515,uncollected,26240.0
254515,wrong-target,1952.0
254516,chronic,55060.0
254516,silent,245241.0
254516,uncollected,5344.0
254516,wrong-target,1056.0
254517,chronic,55092.0
254517,desynced,64.0
254517,silent,240729.0
254517,uncollected,160.0
254517,wrong-target,64.0
254518,chronic,55508.0
254518,desynced,96.0
254518,silent,251193.0
254518,uncollected,15200.0
254519,chronic,55188.0
254519,desynced,64.0
254519,silent,235577.0
254520,chronic,55316.0
254520,desynced,128.0
254520,silent,239992.0
254520,uncollected,16096.0
254521,chronic,55220.0
254521,desynced,32.0
254521,silent,242809.0
254521,uncollected,2496.0
254521,wrong-target,2720.0
254522,chronic,55092.0
254522,desynced,32.0
254522,silent,266041.0
254522,uncollected,33504.0
254522,wrong-target,1856.0
254523,chronic,55316.0
254523,desynced,32.0
254523,silent,264505.0
254523,uncollected,21600.0
254523,wrong-target,7136.0
254524,chronic,55188.0
254524,desynced,64.0
254524,silent,265401.0
254524,uncollected,27680.0
254524,wrong-target,128.0
254525,chronic,55316.0
254525,desynced,64.0
254525,silent,262041.0
254525,uncollected,34112.0
254525,wrong-target,36640.0
254526,chronic,54836.0
254526,desynced,96.0
254526,silent,260473.0
254526,uncollected,7968.0
254526,wrong-target,32.0
254527,chronic,55060.0
254527,desynced,32.0
254527,silent,227993.0
254527,uncollected,74912.0
254527,wrong-target,11872.0
254528,chronic,54772.0
254528,desynced,32.0
254528,silent,230105.0
254528,uncollected,53727.0
254528,wrong-target,1600.0
254529,chronic,54964.0
254529,desynced,416.0
254529,silent,233753.0
254529,uncollected,47584.0
254529,wrong-target,4928.0
254530,chronic,54708.0
254530,desynced,1792.0
254530,silent,243257.0
254530,uncollected,35040.0
254530,wrong-target,8832.0
254531,chronic,55092.0
254531,desynced,64.0
254531,silent,254233.0
254531,uncollected,54432.0
254531,wrong-target,11520.0
254532,chronic,55124.0
254532,desynced,96.0
254532,silent,227289.0
254532,uncollected,149311.0
254532,wrong-target,960.0
254533,chronic,54804.0
254533,desynced,64.0
254533,silent,221337.0
254533,uncollected,38144.0
254533,wrong-target,1120.0
254534,chronic,54900.0
254534,desynced,128.0
254534,silent,226201.0
254534,uncollected,66463.0
254534,wrong-target,7136.0
254535,chronic,54868.0
254535,desynced,352.0
254535,silent,262521.0
254535,uncollected,50624.0
254535,wrong-target,1920.0
254536,chronic,54900.0
254536,desynced,32.0
254536,silent,226809.0
254536,uncollected,25408.0
254536,wrong-target,480.0
254537,chronic,54836.0
254537,desynced,96.0
254537,silent,219673.0
254537,uncollected,31584.0
254537,wrong-target,17343.0
254538,chronic,54708.0
254538,desynced,64.0
254538,silent,216313.0
254538,uncollected,64.0
254538,wrong-target,7904.0
254539,chronic,54964.0
254539,desynced,128.0
254539,silent,217785.0
254539,uncollected,64512.0
254540,chronic,54804.0
254540,silent,215609.0
254540,uncollected,29536.0
254540,wrong-target,32.0
254541,chronic,54836.0
254541,desynced,192.0
254541,silent,216313.0
254541,uncollected,3744.0
254541,wrong-target,32.0
254542,chronic,54836.0
254542,desynced,192.0
254542,silent,216217.0
254542,uncollected,5536.0
254542,wrong-target,896.0
254543,chronic,55188.0
254543,desynced,32.0
254543,silent,216857.0
254543,uncollected,50336.0
254543,wrong-target,1888.0
254544,chronic,54932.0
254544,silent,215865.0
254544,uncollected,42016.0
254544,wrong-target,64.0
254545,chronic,54836.0
254545,desynced,160.0
254545,silent,218393.0
254545,uncollected,47839.0
254545,wrong-target,1024.0
254546,chronic,54964.0
254546,desynced,96.0
254546,silent,222809.0
254546,uncollected,70400.0
254546,wrong-target,10304.0
254547,chronic,54708.0
254547,desynced,320.0
254547,silent,214649.0
254547,uncollected,2496.0
254547,wrong-target,1056.0
254548,chronic,54740.0
254548,desynced,192.0
254548,silent,217497.0
254548,uncollected,6400.0
254548,wrong-target,160.0
254549,chronic,54644.0
254549,desynced,416.0
254549,silent,209785.0
254549,uncollected,3008.0
254549,wrong-target,4800.0
254550,chronic,54612.0
254550,desynced,32.0
254550,silent,215673.0
254550,uncollected,9056.0
254550,wrong-target,28352.0
254551,chronic,54708.0
254551,desynced,64.0
254551,silent,204281.0
254551,uncollected,36032.0
254551,wrong-target,64.0
254552,chronic,54868.0
254552,desynced,32.0
254552,silent,202713.0
254552,uncollected,46367.0
254552,wrong-target,34048.0
254553,chronic,54644.0
254553,desynced,64.0
254553,silent,201081.0
254553,uncollected,6528.0
254553,wrong-target,64.0
254554,chronic,55220.0
254554,desynced,192.0
254554,silent,204409.0
254554,uncollected,24448.0
254554,wrong-target,64.0
254555,chronic,55092.0
254555,desynced,32.0
254555,silent,200761.0
254555,uncollected,15008.0
254555,wrong-target,1376.0
254556,chronic,54996.0
254556,desynced,96.0
254556,silent,201657.0
254556,uncollected,19328.0
254557,chronic,54836.0
254557,desynced,160.0
254557,silent,216537.0
254557,uncollected,10112.0
254558,chronic,55028.0
254558,desynced,64.0
254558,silent,245209.0
254558,uncollected,576.0
254559,chronic,54932.0
254559,desynced,576.0
254559,silent,243193.0
254559,uncollected,160.0
254560,chronic,54836.0
254560,silent,239929.0
254560,uncollected,608.0
254560,wrong-target,64.0
254561,chronic,54964.0
254561,desynced,32.0
254561,silent,236153.0
254561,uncollected,168831.0
254561,wrong-target,32.0
254562,chronic,54868.0
254562,desynced,160.0
254562,silent,236409.0
254562,uncollected,14848.0
254562,wrong-target,320.0
254563,chronic,55252.0
254563,silent,235513.0
254563,uncollected,24672.0
254563,wrong-target,25312.0
254564,chronic,54868.0
254564,desynced,160.0
254564,silent,235481.0
254564,uncollected,96.0
254564,wrong-target,5056.0
254565,chronic,54900.0
254565,desynced,160.0
254565,silent,219481.0
254565,uncollected,2336.0
254566,chronic,54996.0
254566,desynced,64.0
254566,silent,215737.0
254566,uncollected,51456.0
254566,wrong-target,10304.0
254567,chronic,54740.0
254567,desynced,96.0
254567,silent,195129.0
254567,uncollected,32.0
254568,chronic,54900.0
254568,silent,191385.0
254568,uncollected,64032.0
254568,wrong-target,32.0
254569,chronic,54868.0
254569,desynced,192.0
254569,silent,196889.0
254569,uncollected,10720.0
254569,wrong-target,160.0
254570,chronic,54932.0
254570,desynced,32.0
254570,silent,187609.0
254570,uncollected,17664.0
254570,wrong-target,32992.0
254571,chronic,55028.0
254571,desynced,128.0
254571,silent,189017.0
254571,uncollected,41663.0
254571,wrong-target,1248.0
254572,chronic,54964.0
254572,desynced,64.0
254572,silent,196409.0
254572,uncollected,24576.0
254572,wrong-target,96.0
254573,chronic,54932.0
254573,desynced,160.0
254573,silent,191097.0
254573,uncollected,24607.0
254574,chronic,54868.0
254574,desynced,128.0
254574,silent,193273.0
254574,uncollected,416.0
254574,wrong-target,352.0
254575,chronic,55092.0
254575,desynced,96.0
254575,silent,182745.0
254575,uncollected,43616.0
254575,wrong-target,9728.0
254576,chronic,55124.0
254576,desynced,128.0
254576,silent,178425.0
254576,uncollected,9920.0
254576,wrong-target,1280.0
254577,chronic,54900.0
254577,desynced,96.0
254577,silent,180537.0
254577,uncollected,31520.0
254577,wrong-target,96.0
254578,chronic,54580.0
254578,desynced,96.0
254578,silent,179833.0
254578,uncollected,11200.0
254578,wrong-target,2272.0
254579,chronic,54964.0
254579,desynced,192.0
254579,silent,180377.0
254579,uncollected,5920.0
254579,wrong-target,1568.0
254580,chronic,54964.0
254580,desynced,96.0
254580,silent,176505.0
254580,uncollected,11936.0
254580,wrong-target,544.0
254581,chronic,54900.0
254581,desynced,32.0
254581,silent,174713.0
254581,uncollected,576.0
254582,chronic,54932.0
254582,desynced,192.0
254582,silent,175321.0
254582,uncollected,7424.0
254582,wrong-target,384.0
254583,chronic,54964.0
254583,desynced,32.0
254583,silent,180665.0
254583,uncollected,25888.0
254583,wrong-target,21600.0
254584,chronic,54804.0
254584,desynced,608.0
254584,silent,182361.0
254584,uncollected,21792.0
254584,wrong-target,5728.0
254585,chronic,54868.0
254585,silent,177817.0
254585,uncollected,11008.0
254586,chronic,54900.0
254586,desynced,160.0
254586,silent,177241.0
254586,uncollected,8543.0
254586,wrong-target,64.0
254587,chronic,55028.0
254587,desynced,128.0
254587,silent,195577.0
254587,uncollected,5536.0
254587,wrong-target,4192.0
254588,chronic,54740.0
254588,desynced,192.0
254588,silent,171257.0
254588,uncollected,39392.0
254589,chronic,55124.0
254589,desynced,128.0
254589,silent,172857.0
254589,uncollected,60991.0
254589,wrong-target,7232.0
254590,chronic,54868.0
254590,desynced,96.0
254590,silent,167513.0
254590,uncollected,28736.0
254590,wrong-target,4544.0
254591,chronic,54964.0
254591,desynced,64.0
254591,silent,168089.0
254591,uncollected,18016.0
254591,wrong-target,480.0
254592,chronic,55156.0
254592,desynced,192.0
254592,silent,172505.0
254592,uncollected,53535.0
254592,wrong-target,32.0
254593,chronic,54740.0
254593,desynced,64.0
254593,silent,178969.0
254593,uncollected,10240.0
254593,wrong-target,7712.0
254594,chronic,54996.0
254594,desynced,672.0
254594,silent,175993.0
254594,uncollected,24831.0
254594,wrong-target,160.0
